{
  "Title": "",
  "Description": "",
  "StorageTitle": "Information Storage",
  "ProofContainerTitle": "",
  "NoOfFrames": 4,
  "NoOFActions": 40,
  "PlaybackSpeed": 1,
  "ScrollToPointer": true,
  "Steppers": [
    {
      "NO": 1,
      "Name": "GET Stellar Transaction"
    },
    {
      "NO": 2,
      "Name": "Decode Current TXNHash"
    },
    {
      "NO": 3,
      "Name": "GET Current Transaction"
    },
    {
      "NO": 4,
      "Name": "Decode Identifier"
    },
    {
      "NO": 5,
      "Name": "Decode Product ID"
    },
    {
      "NO": 6,
      "Name": "Decode Backlink TXNHash"
    },
    {
      "NO": 7,
      "Name": "GET Backlink Transaction"
    },
    {
      "NO": 8,
      "Name": "Decode Current Transaction"
    },
    {
      "NO": 9,
      "Name": "GET Current Transaction"
    },
    {
      "NO": 10,
      "Name": "Decode Identifier"
    },
    {
      "NO": 11,
      "Name": "Decode Product ID"
    },
    {
      "NO": 12,
      "Name": "Comparison"
    },
    {
      "NO": 13,
      "Name": "Summary"
    }
  ],
  "Steps": [
    {
      "Id": 1,
      "StepTo": 1,
      "FrameTitle": "Step 1 - Retrieve Current Transaction",
      "ShortFrameTitle": "Step 1",
      "FrameDescription": "",
      "ActionTitle": "",
      "ActionDescription": "Retrieve the current transaction from Stellar Blockchain.",
      "FrameId": 1,
      "ActionSpeed": 10,
      "Type": "site-screen",
      "PageURL": "https://horizon-testnet.stellar.org/transactions/${TXNhash}/operations",
      "ScrollToPointer": false
    },
    {
      "Id": 2,
      "ActionTitle": "",
      "ActionDescription": "Format transaction data to JSON (Javascript Object Notation)",
      "FrameId": 1,
      "ActionSpeed": 2,
      "Type": "get-data",
      "Query": "body",
      "EIndex": 0,
      "selector": "innerText",
      "RVariable": "MainTXNDataString",
      "ScrollToPointer": false
    },
    {
      "Id": 3,
      "ActionTitle": "",
      "ActionDescription": "Format transaction data to JSON (Javascript Object Notation)",
      "FrameId": 2,
      "ActionSpeed": 2,
      "Type": "format-data",
      "Variable": "MainTXNDataString",
      "Formater": "parseJson",
      "Data": null,
      "RVariable": "MainTXNData",
      "ScrollToPointer": false
    },
    {
      "Id": 4,
      "StepTo": 2,
      "ActionTitle": "",
      "ActionDescription": "Select the CurrentTXN Hash (base64 encoded) from the transaction details.",
      "FrameId": 2,
      "ActionSpeed": 2,
      "Type": "format-data",
      "Variable": "MainTXNData",
      "Formater": "jsonValueObjectPicker",
      "Data": ["CurrentTXN", "value"],
      "RVariable": "MainTXNCurentTXNHash"
    },
    {
      "_comment": "select CurrentTXN.0",
      "Id": 5,
      "ActionTitle": "",
      "ActionDescription": "Select the encoded CurrentTXN Hash from the transaction details.",
      "FrameId": 1,
      "ActionSpeed": 20,
      "Type": "text-style",
      "HText": "CurrentTXN",
      "CaseSensitive": true,
      "TextIndex": 0,
      "StyleCSS": "background-color: blue; color: white; padding: 4px 8px; margin: 2px; font-weight: bold; display: inline-block; border-radius: 6px"
    },
    {
      "Id": 6,
      "ActionTitle": "",
      "ActionDescription": "Select the encoded CurrentTXN Hash from the transaction details.",
      "FrameId": 1,
      "ActionSpeed": 20,
      "Type": "text-style",
      "HText": "${MainTXNCurentTXNHash}",
      "CaseSensitive": true,
      "TextIndex": 0,
      "StyleCSS": "background-color: blue; color: white; padding: 4px 8px; margin: 2px; font-weight: bold; display: inline-block; border-radius: 6px"
    },
    {
      "FrameTitle": "",
      "FrameDescription": "",
      "ActionDescription": "Save the base64 encoded CurrentTXN Hash value for future usage.",
      "FrameId": 1,
      "ActionSpeed": 30,
      "Type": "save-data",
      "Data": [
        {
          "Key": "TXN2 CurrentTXN (base64)",
          "Value": "${MainTXNCurentTXNHash}"
        }
      ]
    },
    {
      "_comment": "decode currenttxnhash",
      "Id": 7,
      "FrameTitle": "Step 2 - Decode CurrentTXN",
      "ShortFrameTitle": "Step 2 - Decode CurrentTXN",
      "FrameDescription": "",
      "ActionTitle": "",
      "ActionDescription": "Decode the base64 encoded CurrentTXN Hash value",
      "FrameId": 2,
      "ActionSpeed": 10,
      "Type": "site-screen",
      "PageURL": "https://emn178.github.io/online-tools/base64_decode.html",
      "ScrollToPointer": false
    },
    {
      "Id": 8,
      "ActionTitle": "",
      "ActionDescription": "Decode the base64 encoded CurrentTXN Hash value.",
      "FrameId": 2,
      "ActionSpeed": 10,
      "Type": "set-data",
      "Query": ".input textarea",
      "EIndex": 0,
      "Selector": "value",
      "Data": "${MainTXNCurentTXNHash}"
    },
    {
      "Id": 9,
      "ActionTitle": "",
      "ActionDescription": "Decode the base64 encoded CurrentTXN Hash value.",
      "FrameId": 2,
      "ActionSpeed": 2,
      "Type": "trigger-fn",
      "Query": ".btn.btn-default",
      "EIndex": 0,
      "Event": "click",
      "Data": []
    },
    {
      "Id": 10,
      "ActionTitle": "",
      "ActionDescription": "Decode the base64 encoded CurrentTXN Hash value.",
      "FrameId": 2,
      "ActionSpeed": 30,
      "Type": "get-data",
      "Query": ".output textarea",
      "EIndex": 0,
      "selector": "value",
      "RVariable": "var_currenttxn",
      "ToastMessage": "Decoded CurrentTXN Hash",
      "ToastPosition": ["60%", "10%"]
    },
    {
      "Id": 11,
      "FrameTitle": "",
      "FrameDescription": "",
      "ActionDescription": "Save the decoded CurrentTXN Hash value for future usage.",
      "FrameId": 2,
      "ActionSpeed": 30,
      "Type": "save-data",
      "Data": [
        {
          "Key": "TXN2 CurrentTXN",
          "Value": "${var_currenttxn}"
        }
      ]
    },

    {
      "Id": 12,
      "StepTo": 3,
      "FrameTitle": "Step 3 - Retrieve Current Transaction",
      "ShortFrameTitle": "Step 3",
      "ActionTitle": "",
      "ActionDescription": "Retrieve the current transaction of the gateway transaction from Stellar Blockchain.",
      "FrameId": 3,
      "ActionSpeed": 10,
      "Type": "site-screen",
      "PageURL": "https://horizon-testnet.stellar.org/transactions/${var_currenttxn}/operations",
      "ScrollToPointer": false
    },

    {
      "Id": 13,
      "ActionTitle": "",
      "ActionDescription": "Parse transaction data to JSON",
      "FrameId": 3,
      "ActionSpeed": 2,
      "Type": "get-data",
      "Query": "body",
      "EIndex": 0,
      "selector": "innerText",
      "RVariable": "MainTXNCurentTXNDataString",
      "ScrollToPointer": false
    },
    {
      "Id": 14,
      "ActionTitle": "",
      "ActionDescription": "Parse transaction data to JSON",
      "FrameId": 2,
      "ActionSpeed": 2,
      "Type": "format-data",
      "Variable": "MainTXNCurentTXNDataString",
      "Formater": "parseJson",
      "Data": null,
      "RVariable": "MainTXNCurentTXNData",
      "ScrollToPointer": false
    },
    {
      "Id": 15,
      "StepTo": 4,
      "ActionTitle": "",
      "ActionDescription": "Select the encoded Identifier from the transaction details.",
      "FrameId": 2,
      "ActionSpeed": 2,
      "Type": "format-data",
      "Variable": "MainTXNCurentTXNData",
      "Formater": "jsonValueObjectPicker",
      "Data": ["identifier", "value"],
      "RVariable": "MainTXNCurentTXNDataIdentifier",
      "ScrollToPointer": false
    },

    {
      "Id": 16,
      "ActionTitle": "",
      "ActionDescription": "Select the encoded Identifier from the transaction details.",
      "FrameId": 3,
      "ActionSpeed": 20,
      "Type": "text-style",
      "HText": "identifier",
      "CaseSensitive": true,
      "TextIndex": 0,
      "StyleCSS": "background-color: blue; color: white; padding: 4px 8px; margin: 2px; font-weight: bold; display: inline-block; border-radius: 6px"
    },

    {
      "Id": 17,
      "ActionTitle": "",
      "ActionDescription": "Select the encoded Identifier from the transaction details.",
      "FrameId": 3,
      "ActionSpeed": 20,
      "Type": "text-style",
      "HText": "${MainTXNCurentTXNDataIdentifier}",
      "CaseSensitive": true,
      "TextIndex": 0,
      "StyleCSS": "background-color: blue; color: white; padding: 4px 8px; margin: 2px; font-weight: bold; display: inline-block; border-radius: 6px"
    },

    {
      "FrameTitle": "",
      "FrameDescription": "",
      "ActionDescription": "Save the base64 encoded Identifier value for future usage.",
      "FrameId": 3,
      "ActionSpeed": 30,
      "Type": "save-data",
      "Data": [
        {
          "Key": "Identifier (base64)",
          "Value": "${MainTXNCurentTXNDataIdentifier}"
        }
      ]
    },

    {
      "Id": 18,
      "FrameTitle": "Step 4 - Decode MainTXN Identifier",
      "ShortFrameTitle": "Step 4 - Decode MainTXN Identifier",
      "FrameDescription": "",
      "ActionTitle": "",
      "ActionDescription": "Decode the base64 encoded Identifier value.",
      "FrameId": 4,
      "ActionSpeed": 10,
      "Type": "site-screen",
      "PageURL": "https://emn178.github.io/online-tools/base64_decode.html",
      "ScrollToPointer": false
    },
    {
      "Id": 19,
      "ActionTitle": "",
      "ActionDescription": "Decode the base64 encoded Identifier value.",
      "FrameId": 4,
      "ActionSpeed": 20,
      "Type": "set-data",
      "Query": ".input textarea",
      "EIndex": 0,
      "Selector": "value",
      "Data": "${MainTXNCurentTXNDataIdentifier}"
    },
    {
      "Id": 20,
      "ActionTitle": "",
      "ActionDescription": "Decode the base64 encoded Identifier value.",
      "FrameId": 4,
      "ActionSpeed": 2,
      "Type": "trigger-fn",
      "Query": ".btn.btn-default",
      "EIndex": 0,
      "Event": "click",
      "Data": []
    },
    {
      "Id": 21,
      "ActionTitle": "",
      "ActionDescription": "Decode the base64 encoded Identifier value.",
      "FrameId": 4,
      "ActionSpeed": 30,
      "Type": "get-data",
      "Query": ".output textarea",
      "EIndex": 0,
      "selector": "value",
      "RVariable": "MainTXNCurentTXNDataIdentifierDecoded",
      "ToastMessage": "Decoded Identifier",
      "ToastPosition": ["60%", "10%"]
    },
    {
      "Id": 22,
      "FrameTitle": "",
      "FrameDescription": "",
      "ActionDescription": "Save the decoded Identifier value for future usage.",
      "FrameId": 4,
      "ActionSpeed": 30,
      "Type": "save-data",
      "Data": [
        {
          "Key": "Identifier",
          "Value": "${MainTXNCurentTXNDataIdentifierDecoded}"
        }
      ]
    },

    {
      "Id": 23,
      "StepTo": 5,
      "ActionTitle": "",
      "ActionDescription": "Select the encoded Product ID from the transaction details.",
      "FrameId": 2,
      "ActionSpeed": 2,
      "Type": "format-data",
      "Variable": "MainTXNCurentTXNData",
      "Formater": "jsonValueObjectPicker",
      "Data": ["productId", "value"],
      "RVariable": "MainTXNCurentTXNDataProductId",
      "ScrollToPointer": false
    },

    {
      "Id": 24,
      "ActionTitle": "",
      "ActionDescription": "Select the encoded Product ID from the transaction details.",
      "FrameId": 3,
      "ActionSpeed": 20,
      "Type": "text-style",
      "HText": "productId",
      "CaseSensitive": true,
      "TextIndex": 0,
      "StyleCSS": "background-color: blue; color: white; padding: 4px 8px; margin: 2px; font-weight: bold; display: inline-block; border-radius: 6px"
    },

    {
      "Id": 25,
      "ActionTitle": "",
      "ActionDescription": "Select the encoded Product ID from the transaction details.",
      "FrameId": 3,
      "ActionSpeed": 20,
      "Type": "text-style",
      "HText": "${MainTXNCurentTXNDataProductId}",
      "CaseSensitive": true,
      "TextIndex": 0,
      "StyleCSS": "background-color: blue; color: white; padding: 4px 8px; margin: 2px; font-weight: bold; display: inline-block; border-radius: 6px"
    },

    {
      "FrameTitle": "",
      "FrameDescription": "",
      "ActionDescription": "Save the base64 encoded Product Id value for future usage.",
      "FrameId": 3,
      "ActionSpeed": 30,
      "Type": "save-data",
      "Data": [
        {
          "Key": "Product ID (base64)",
          "Value": "${MainTXNCurentTXNDataProductId}"
        }
      ]
    },

    {
      "Id": 26,
      "FrameTitle": "Step 2 - Decode MainTXN Product Id",
      "ShortFrameTitle": "Step 2 - Decode MainTXN Product Id",
      "FrameDescription": "",
      "ActionTitle": "",
      "ActionDescription": "Decode the base64 encoded Product Id value",
      "FrameId": 5,
      "ActionSpeed": 10,
      "Type": "site-screen",
      "PageURL": "https://emn178.github.io/online-tools/base64_decode.html",
      "ScrollToPointer": false
    },
    {
      "Id": 27,
      "ActionTitle": "",
      "ActionDescription": "Decode the base64 encoded Product Id value",
      "FrameId": 5,
      "ActionSpeed": 30,
      "Type": "set-data",
      "Query": ".input textarea",
      "EIndex": 0,
      "Selector": "value",
      "Data": "${MainTXNCurentTXNDataProductId}"
    },
    {
      "Id": 28,
      "ActionTitle": "",
      "ActionDescription": "Decode the base64 encoded Product Id value",
      "FrameId": 5,
      "ActionSpeed": 2,
      "Type": "trigger-fn",
      "Query": ".btn.btn-default",
      "EIndex": 0,
      "Event": "click",
      "Data": []
    },
    {
      "Id": 29,
      "ActionTitle": "",
      "ActionDescription": "Decode the base64 encoded Product Id value",
      "FrameId": 5,
      "ActionSpeed": 30,
      "Type": "get-data",
      "Query": ".output textarea",
      "EIndex": 0,
      "selector": "value",
      "RVariable": "MainTXNCurentTXNDataProductIdDecoded",
      "ToastMessage": "Decoded Product Id",
      "ToastPosition": ["60%", "10%"]
    },
    {
      "Id": 30,
      "FrameTitle": "",
      "FrameDescription": "",
      "ActionDescription": "Save the decoded Product Id value for future usage.",
      "FrameId": 5,
      "ActionSpeed": 30,
      "Type": "save-data",
      "Data": [
        {
          "Key": "Product ID",
          "Value": "${MainTXNCurentTXNDataProductIdDecoded}"
        }
      ]
    },




    
    {
      "Id": 31,
      "StepTo": 6,
      "ActionTitle": "",
      "ActionDescription": "Select the encoded PreviousTXN Hash value from the transaction details.",
      "FrameId": 1,
      "ActionSpeed": 2,
      "Type": "format-data",
      "Variable": "MainTXNData",
      "Formater": "jsonValueObjectPicker",
      "Data": ["PreviousTXN", "value"],
      "RVariable": "MainTXNPreviousTXN",
      "ScrollToPointer": false
    },
    {
      "_comment": "Highlight Previous hash",
      "Id": 32,
      "ActionTitle": "",
      "ActionDescription": "Select the encoded PreviousTXN Hash value from the transaction details.",
      "FrameId": 1,
      "ActionSpeed": 20,
      "Type": "text-style",
      "HText": "PreviousTXN",
      "CaseSensitive": true,
      "TextIndex": 0,
      "StyleCSS": "background-color: blue; color: white; padding: 4px 8px; margin: 2px; font-weight: bold; display: inline-block; border-radius: 6px"
    },
    {
      "Id": 33,
      "StepTo": 6,
      "ActionTitle": "",
      "ActionDescription": "Select the encoded PreviousTXN Hash value from the transaction details.",
      "FrameId": 1,
      "ActionSpeed": 20,
      "Type": "text-style",
      "HText": "${MainTXNPreviousTXN}",
      "CaseSensitive": true,
      "TextIndex": 0,
      "StyleCSS": "background-color: blue; color: white; padding: 4px 8px; margin: 2px; font-weight: bold; display: inline-block; border-radius: 6px"
    },

    {
      "FrameTitle": "",
      "FrameDescription": "",
      "ActionDescription": "Save the base64 encoded Previous TXN Hash value for future usage.",
      "FrameId": 1,
      "ActionSpeed": 30,
      "Type": "save-data",
      "Data": [
        {
          "Key": "PreviousTXN Hash (base64)",
          "Value": "${MainTXNPreviousTXN}"
        }
      ]
    },

    {
      "Id": 34,
      "FrameTitle": "Step 7 - Decode MainTXN Previous hash",
      "ShortFrameTitle": "Step 7 - Decode MainTXN Previous hash",
      "FrameDescription": "",
      "ActionTitle": "",
      "ActionDescription": "Decode the base64 encoded MainTXN Previous hash value.",
      "FrameId": 7,
      "ActionSpeed": 10,
      "Type": "site-screen",
      "PageURL": "https://emn178.github.io/online-tools/base64_decode.html",
      "ScrollToPointer": false
    },
    {
      "Id": 35,
      "ActionTitle": "",
      "ActionDescription": "Decode the base64 encoded MainTXN Previous hash value.",
      "FrameId": 7,
      "ActionSpeed": 20,
      "Type": "set-data",
      "Query": ".input textarea",
      "EIndex": 0,
      "Selector": "value",
      "Data": "${MainTXNPreviousTXN}"
    },
    {
      "Id": 36,
      "ActionTitle": "",
      "ActionDescription": "Decode the base64 encoded MainTXN Previous hash value.",
      "FrameId": 7,
      "ActionSpeed": 2,
      "Type": "trigger-fn",
      "Query": ".btn.btn-default",
      "EIndex": 0,
      "Event": "click",
      "Data": []
    },
    {
      "Id": 37,
      "ActionTitle": "",
      "ActionDescription": "Decode the base64 encoded MainTXN Previous hash value.",
      "FrameId": 7,
      "ActionSpeed": 30,
      "Type": "get-data",
      "Query": ".output textarea",
      "EIndex": 0,
      "selector": "value",
      "RVariable": "MainTXNPreviousTXNDecoded",
      "ToastMessage": "Decoded MainTXN Previous Hash",
      "ToastPosition": ["60%", "10%"]
    },
    {
      "Id": 38,
      "FrameTitle": "",
      "ActionDescription": "Save the decoded MainTXN Previous hash value for future usage.",
      "FrameId": 7,
      "ActionSpeed": 30,
      "Type": "save-data",
      "Data": [
        {
          "Key": "PreviousTXN Hash",
          "Value": "${MainTXNPreviousTXNDecoded}"
        }
      ]
    },

    {
      "Id": 39,
      "StepTo": 7,
      "FrameTitle": "Step 8 - Retrieve Backlink Transaction",
      "ShortFrameTitle": "Step 8 - Retrieve Backlink Transaction",
      "FrameDescription": "",
      "ActionTitle": "",
      "ActionDescription": "Retrieve the Backlink transaction from Stellar Blockchain.",
      "FrameId": 8,
      "ActionSpeed": 10,
      "Type": "site-screen",
      "PageURL": "https://horizon-testnet.stellar.org/transactions/${MainTXNPreviousTXNDecoded}/operations",
      "ScrollToPointer": false
    },

    {
      "Id": 40,
      "ActionTitle": "",
      "ActionDescription": "Parse transaction data to JSON",
      "FrameId": 8,
      "ActionSpeed": 2,
      "Type": "get-data",
      "Query": "body",
      "EIndex": 0,
      "selector": "innerText",
      "RVariable": "MainTXNPreviousTXNDataString"
    },
    {
      "Id": 41,
      "ActionTitle": "",
      "ActionDescription": "Parse transaction data to JSON",
      "FrameId": 8,
      "ActionSpeed": 2,
      "Type": "format-data",
      "Variable": "MainTXNPreviousTXNDataString",
      "Formater": "parseJson",
      "Data": null,
      "RVariable": "MainTXNPreviousTXNData"
    },
    {
      "Id": 42,
      "StepTo": 8,
      "ActionTitle": "",
      "ActionDescription": "Select the encoded CurrentTXN Hash of the Backlink transaction from the transaction details.",
      "FrameId": 2,
      "ActionSpeed": 2,
      "Type": "format-data",
      "Variable": "MainTXNPreviousTXNData",
      "Formater": "jsonValueObjectPicker",
      "Data": ["CurrentTXN", "value"],
      "RVariable": "MainTXNPreviousTXNCurrentTXNHash"
    },

    {
      "Id": 43,
      "ActionTitle": "",
      "ActionDescription": "Select the encoded CurrentTXN Hash of the Backlink transaction from the transaction details.",
      "FrameId": 8,
      "ActionSpeed": 20,
      "Type": "text-style",
      "HText": "CurrentTXN",
      "CaseSensitive": true,
      "TextIndex": 0,
      "StyleCSS": "background-color: blue; color: white; padding: 4px 8px; margin: 2px; font-weight: bold; display: inline-block; border-radius: 6px"
    },
    {
      "Id": 44,
      "ActionTitle": "",
      "ActionDescription": "Select the encoded CurrentTXN Hash of the Backlink transaction from the transaction details.",
      "FrameId": 8,
      "ActionSpeed": 20,
      "Type": "text-style",
      "HText": "${MainTXNPreviousTXNCurrentTXNHash}",
      "CaseSensitive": true,
      "TextIndex": 0,
      "StyleCSS": "background-color: blue; color: white; padding: 4px 8px; margin: 2px; font-weight: bold; display: inline-block; border-radius: 6px"
    },

    {
      "FrameTitle": "",
      "FrameDescription": "",
      "ActionDescription": "Save the base64 encoded CurrentTXN Hash value of the Previuos TXN for future usage.",
      "FrameId": 8,
      "ActionSpeed": 30,
      "Type": "save-data",
      "Data": [
        {
          "Key": "CurentTXNHash (base64)",
          "Value": "${MainTXNPreviousTXNCurrentTXNHash}"
        }
      ]
    },

    {
      "Id": 45,
      "FrameTitle": "Step 9 - Decode PreviousTXN CurentTXN Hash",
      "ShortFrameTitle": "Step 9 - Decode PreviousTXN CurentTXN Hash",
      "FrameDescription": "",
      "ActionTitle": "",
      "ActionDescription": "Decode the base64 encoded CurrentTXN Hash value from the PreviousTXN details.",
      "FrameId": 9,
      "ActionSpeed": 10,
      "Type": "site-screen",
      "PageURL": "https://emn178.github.io/online-tools/base64_decode.html",
      "ScrollToPointer": false
    },
    {
      "Id": 46,
      "ActionTitle": "",
      "ActionDescription": "Decode the base64 encoded CurrentTXN Hash value from the PreviousTXN details.",
      "FrameId": 9,
      "ActionSpeed": 20,
      "Type": "set-data",
      "Query": ".input textarea",
      "EIndex": 0,
      "Selector": "value",
      "Data": "${MainTXNPreviousTXNCurrentTXNHash}"
    },
    {
      "Id": 47,
      "ActionTitle": "",
      "ActionDescription": "Decode the base64 encoded CurrentTXN Hash value from the PreviousTXN details.",
      "FrameId": 9,
      "ActionSpeed": 2,
      "Type": "trigger-fn",
      "Query": ".btn.btn-default",
      "EIndex": 0,
      "Event": "click",
      "Data": []
    },
    {
      "Id": 48,
      "ActionTitle": "",
      "ActionDescription": "Decode the base64 encoded CurrentTXN Hash value from the PreviousTXN details.",
      "FrameId": 9,
      "ActionSpeed": 30,
      "Type": "get-data",
      "Query": ".output textarea",
      "EIndex": 0,
      "selector": "value",
      "RVariable": "MainTXNPreviousTXNCurrentTXNHashDecoded",
      "ToastMessage": "Decoded PreviousTXN's CurrentTXN Hash",
      "ToastPosition": ["60%", "10%"]
    },
    {
      "Id": 49,
      "FrameTitle": "",
      "FrameDescription": "",
      "ActionDescription": "Save the decoded CurrentTXN Hash value from the Backlink transaction for future usage.",
      "FrameId": 9,
      "ActionSpeed": 30,
      "Type": "save-data",
      "Data": [
        {
          "Key": "CurentTXNHash",
          "Value": "${MainTXNPreviousTXNCurrentTXNHashDecoded}"
        }
      ]
    },

    {
      "Id": 50,
      "StepTo": 9,
      "FrameTitle": "Step 10 - Retrieve Backlink Current Transaction",
      "ShortFrameTitle": "Step 10 - Retrieve Backlink Current Transaction",
      "FrameDescription": "",
      "ActionTitle": "",
      "ActionDescription": "Retrieve the current transaction of the backlink transaction from Stellar Blockchain.",
      "FrameId": 10,
      "ActionSpeed": 10,
      "Type": "site-screen",
      "PageURL": "https://horizon-testnet.stellar.org/transactions/${MainTXNPreviousTXNCurrentTXNHashDecoded}/operations",
      "ScrollToPointer": false
    },
    {
      "Id": 51,
      "ActionTitle": "",
      "ActionDescription": "Parse transaction data to JSON",
      "FrameId": 10,
      "ActionSpeed": 2,
      "Type": "get-data",
      "Query": "body",
      "EIndex": 0,
      "selector": "innerText",
      "RVariable": "MainTXNPreviousTXNCurrentTXNDataString",
      "ScrollToPointer": false
    },
    {
      "Id": 52,
      "ActionTitle": "",
      "ActionDescription": "Parse transaction data to JSON",
      "FrameId": 10,
      "ActionSpeed": 2,
      "Type": "format-data",
      "Variable": "MainTXNPreviousTXNCurrentTXNDataString",
      "Formater": "parseJson",
      "Data": null,
      "RVariable": "MainTXNPreviousTXNCurrentTXNData",
      "ScrollToPointer": false
    },
    {
      "Id": 53,
      "StepTo": 10,
      "ActionTitle": "",
      "ActionDescription": "Select the encoded Identifier from the transaction details.",
      "FrameId": 10,
      "ActionSpeed": 2,
      "Type": "format-data",
      "Variable": "MainTXNPreviousTXNCurrentTXNData",
      "Formater": "jsonValueObjectPicker",
      "Data": ["identifier", "value"],
      "RVariable": "MainTXNPreviousTXNCurrentTXNDataIdentifier",
      "ScrollToPointer": false
    },

    {
      "Id": 54,
      "ActionTitle": "",
      "ActionDescription": "Select the encoded Identifier from the transaction details.",
      "FrameId": 10,
      "ActionSpeed": 20,
      "Type": "text-style",
      "HText": "Identifier",
      "CaseSensitive": true,
      "TextIndex": 0,
      "StyleCSS": "background-color: blue; color: white; padding: 4px 8px; margin: 2px; font-weight: bold; display: inline-block; border-radius: 6px"
    },
    {
      "Id": 55,
      "ActionTitle": "",
      "ActionDescription": "Select the encoded Identifier from the transaction details.",
      "FrameId": 10,
      "ActionSpeed": 20,
      "Type": "text-style",
      "HText": "${MainTXNPreviousTXNCurrentTXNDataIdentifier}",
      "CaseSensitive": true,
      "TextIndex": 0,
      "StyleCSS": "background-color: blue; color: white; padding: 4px 8px; margin: 2px; font-weight: bold; display: inline-block; border-radius: 6px"
    },

    {
      "FrameTitle": "",
      "FrameDescription": "",
      "ActionDescription": "Save the base64 encoded Identifier value of the Previuos TXN for future usage.",
      "FrameId": 10,
      "ActionSpeed": 30,
      "Type": "save-data",
      "Data": [
        {
          "Key": "Identifier (base64)",
          "Value": "${MainTXNPreviousTXNCurrentTXNDataIdentifier}"
        }
      ]
    },

    {
      "Id": 56,
      "FrameTitle": "Step 11 - Decode PreviousTXN's CurrentTXN'sIdentifier",
      "ShortFrameTitle": "Step 11 - Decode PreviousTXN's CurrentTXN' Identifier",
      "FrameDescription": "",
      "ActionTitle": "",
      "ActionDescription": "Decode the base64 encoded Identifier value.",
      "FrameId": 11,
      "ActionSpeed": 10,
      "Type": "site-screen",
      "PageURL": "https://emn178.github.io/online-tools/base64_decode.html",
      "ScrollToPointer": false
    },
    {
      "Id": 57,
      "ActionTitle": "",
      "ActionDescription": "Decode the base64 encoded Identifier value.",
      "FrameId": 11,
      "ActionSpeed": 20,
      "Type": "set-data",
      "Query": ".input textarea",
      "EIndex": 0,
      "Selector": "value",
      "Data": "${MainTXNPreviousTXNCurrentTXNDataIdentifier}"
    },
    {
      "Id": 58,
      "ActionTitle": "",
      "ActionDescription": "Decode the base64 encoded Identifier value.",
      "FrameId": 11,
      "ActionSpeed": 2,
      "Type": "trigger-fn",
      "Query": ".btn.btn-default",
      "EIndex": 0,
      "Event": "click",
      "Data": []
    },
    {
      "Id": 59,
      "ActionTitle": "",
      "ActionDescription": "Decode the base64 encoded Identifier value.",
      "FrameId": 11,
      "ActionSpeed": 30,
      "Type": "get-data",
      "Query": ".output textarea",
      "EIndex": 0,
      "selector": "value",
      "RVariable": "MainTXNPreviousTXNCurrentTXNDataIdentifierDecoded",
      "ToastMessage": "Decoded Identifier",
      "ToastPosition": ["60%", "10%"]
    },
    {
      "Id": 60,
      "FrameTitle": "",
      "FrameDescription": "",
      "FrameId": 11,
      "ActionSpeed": 40,
      "ActionDescription": "Save the dec3ded Identifier value for future usage.",
      "Type": "save-data",
      "Data": [
        {
          "Key": "Identifier",
          "Value": "${MainTXNPreviousTXNCurrentTXNDataIdentifierDecoded}"
        }
      ]
    },

    {
      "Id": 61,
      "StepTo": 11,
      "ActionTitle": "",
      "ActionDescription": "Select the encoded Product ID from the transaction details.",
      "FrameId": 10,
      "ActionSpeed": 2,
      "Type": "format-data",
      "Variable": "MainTXNPreviousTXNCurrentTXNData",
      "Formater": "jsonValueObjectPicker",
      "Data": ["productId", "value"],
      "RVariable": "MainTXNPreviousTXNCurrentTXNDataProductID",
      "ScrollToPointer": false
    },

    {
      "Id": 62,
      "ActionTitle": "",
      "ActionDescription": "Select the encoded Product ID from the transaction details.",
      "FrameId": 10,
      "ActionSpeed": 20,
      "Type": "text-style",
      "HText": "productId",
      "CaseSensitive": true,
      "TextIndex": 0,
      "StyleCSS": "background-color: blue; color: white; padding: 4px 8px; margin: 2px; font-weight: bold; display: inline-block; border-radius: 6px"
    },
    {
      "Id": 63,
      "ActionTitle": "",
      "ActionDescription": "Select the encoded Product ID from the transaction details.",
      "FrameId": 10,
      "ActionSpeed": 20,
      "Type": "text-style",
      "HText": "${MainTXNPreviousTXNCurrentTXNDataProductID}",
      "CaseSensitive": true,
      "TextIndex": 0,
      "StyleCSS": "background-color: blue; color: white; padding: 4px 8px; margin: 2px; font-weight: bold; display: inline-block; border-radius: 6px"
    },

    {
      "FrameTitle": "",
      "FrameDescription": "",
      "ActionDescription": "Save the base64 encoded Product ID value of the Previuos TXN for future usage.",
      "FrameId": 10,
      "ActionSpeed": 30,
      "Type": "save-data",
      "Data": [
        {
          "Key": "Product ID (base64)",
          "Value": "${MainTXNPreviousTXNCurrentTXNDataProductID}"
        }
      ]
    },

    {
      "Id": 64,
      "FrameTitle": "Step 12 - Decode PreviousTXN's CurrentTXN's  ProductID",
      "ShortFrameTitle": "Step 12 - Decode PreviousTXN's CurrentTXN's ProductID",
      "FrameDescription": "",
      "ActionTitle": "",
      "ActionDescription": "Decode the base64 encoded Product ID value.",
      "FrameId": 12,
      "ActionSpeed": 10,
      "Type": "site-screen",
      "PageURL": "https://emn178.github.io/online-tools/base64_decode.html",
      "ScrollToPointer": false
    },
    {
      "Id": 65,
      "ActionTitle": "",
      "ActionDescription": "Decode the base64 encoded Product ID value.",
      "FrameId": 12,
      "ActionSpeed": 10,
      "Type": "set-data",
      "Query": ".input textarea",
      "EIndex": 0,
      "Selector": "value",
      "Data": "${MainTXNPreviousTXNCurrentTXNDataProductID}"
    },
    {
      "Id": 66,
      "ActionTitle": "",
      "ActionDescription": "Decode the base64 encoded Product ID value.",
      "FrameId": 12,
      "ActionSpeed": 2,
      "Type": "trigger-fn",
      "Query": ".btn.btn-default",
      "EIndex": 0,
      "Event": "click",
      "Data": []
    },
    {
      "Id": 67,
      "ActionTitle": "",
      "ActionDescription": "Decode the base64 encoded Product ID value.",
      "FrameId": 12,
      "ActionSpeed": 30,
      "Type": "get-data",
      "Query": ".output textarea",
      "EIndex": 0,
      "selector": "value",
      "RVariable": "MainTXNPreviousTXNCurrentTXNDataProductIDDecoded",
      "ToastMessage": "Decoded Product ID",
      "ToastPosition": ["60%", "10%"]
    },
    {
      "Id": 68,
      "FrameTitle": "",
      "FrameDescription": "",
      "FrameId": 12,
      "ActionSpeed": 30,
      "Type": "save-data",
      "ActionDescription": "Save the decoded Product ID value for future usage.",
      "Data": [
        {
          "Key": "Product ID",
          "Value": "${MainTXNPreviousTXNCurrentTXNDataProductIDDecoded}"
        }
      ]
    },
    {
      "Id": 69,
      "StepTo": 12,
      "FrameTitle": "Step 13 - Compare the base64 decoded Identifier",
      "ShortFrameTitle": "Step 13 - Compare the base64 decoded Identifier",
      "FrameDescription": "",
      "ActionTitle": "",
      "ActionDescription": "Compare the base64 decoded Identifier values from the transactions.",
      "FrameId": 13,
      "ActionSpeed": 10,
      "Type": "site-screen",
      "PageURL": "https://text-comparison-server.herokuapp.com",
      "ScrollToPointer": false
    },
    {
      "Id": 70,
      "ActionTitle": "",
      "ActionDescription": "Compare the base64 decoded Identifier values from the transactions.",
      "FrameId": 13,
      "ActionSpeed": 20,
      "Type": "set-data",
      "Query": "textarea",
      "EIndex": 0,
      "Selector": "value",
      "Data": "[{\"title\": \"Identifiers from the Main transaction and Backlink transaction\", \"t1\": \"${MainTXNCurentTXNDataIdentifierDecoded}\", \"t2\": \"${MainTXNPreviousTXNCurrentTXNDataIdentifierDecoded}\"}]"
    },
    {
      "Id": 71,
      "ActionTitle": "",
      "ActionDescription": "Compare the base64 decoded Identifier values from the transactions.",
      "FrameId": 13,
      "ActionSpeed": 10,
      "Type": "trigger-fn",
      "Query": "button",
      "EIndex": 0,
      "Event": "click",
      "Data": []
    },
    {
      "Id": 72,
      "ActionTitle": "",
      "ActionDescription": "Compare the base64 decoded Identifier values from the transactions.",
      "FrameId": 13,
      "ActionSpeed": 40,
      "Type": "element-attribute",
      "Query": ".comparissonBannerMargin",
      "EIndex": 0,
      "Attribute": "style",
      "Value": "",
      "ValueReplacement": 2,
      "AutoScroll": true
    },
    {
      "Id": 73,
      "StepTo": 13,
      "FrameTitle": "Step 14 - Verification Summary",
      "ShortFrameTitle": "Step 14 - Verification Summary",
      "FrameDescription": "",
      "ActionTitle": "",
      "ActionDescription": "Verification summary on the proof of the backlink.",
      "FrameId": 14,
      "ActionSpeed": 10,
      "Type": "site-screen",
      "InnerHTML": "<?xml version=\"1.0\"?>\r\n<!DOCTYPE html>\r\n<html><head><link href=\"https://www.online-html-editor.org/assets/minimalist-blocks/content.css\" rel=\"stylesheet\" type=\"text/css\"/></head><body style=\"height: 100vh; display: flex; justify-content: center; align-items: center;\"><div class=\"container\"><div class=\"row clearfix\"><div class=\"column full\"><h2 class=\"size-18\" style=\"font-weight: 800; text-align: center; letter-spacing: 8px; text-transform: uppercase;\">\r\n Verification summary\r\n </h2></div><div class=\"is-tool is-row-tool\"><div class=\"row-handle\" data-title=\"Move\" style=\"width:100%;cursor:move;text-align:center;\" title=\"Move\"><br/></div></div><div class=\"is-rowadd-tool\" style=\"height:0;\"><br/></div></div><div class=\"row clearfix\"><div class=\"column full\"><p class=\"size-12\" style=\"text-align: center; letter-spacing: 3px; color: rgb(94, 94, 94); text-transform: uppercase;\"><b style=\"color: rgb(71, 88, 204); background-color: rgb(240, 249, 254);\">PROOF OF THE BACKLINK</b></p></div><div class=\"is-tool is-row-tool\"><div class=\"row-handle\" data-title=\"Move\" style=\"width:100%;cursor:move;text-align:center;\" title=\"Move\"><br/></div></div><div class=\"is-rowadd-tool\" style=\"height:0;\"><br/></div></div><div class=\"row clearfix\"><div class=\"column half\"><p style=\"text-align: justify;\"><strong><span class=\"size-14\">Current Transaction Hash</span></strong></p><p class=\"size-14\" style=\"text-align: justify; overflow-wrap: break-word;\">\r\n \\${var_currenttxn}\r\n </p></div><div class=\"column half\"><p class=\"size-14\" style=\"text-align: justify; \"><strong>Previous Transaction Hash</strong></p><p class=\"size-14\" style=\"text-align: justify; overflow-wrap: break-word;\">\r\n \\${MainTXNPreviousTXNCurrentTXNHashDecoded}\r\n </p></div><div class=\"is-tool is-row-tool\"><div class=\"row-handle\" data-title=\"Move\" style=\"width:100%;cursor:move;text-align:center;\" title=\"Move\"><br/></div></div><div class=\"is-rowadd-tool\" style=\"height:0;\"><br/></div></div><div class=\"row clearfix\"><pre class=\"size-14\" style=\"background-color: rgb(46, 125, 50); color: rgb(245, 243, 252); font-weight: bold; text-align: center; border-radius: 8px; margin: 0; padding: 8px;\">\r\nVerification Completed</pre><div class=\"is-rowadd-tool\" style=\"height:0\"><br/></div></div></div></body></html>",
      "PageURL": "about: Verification Summary - PROOF OF THE BACKLINK",
      "ScrollToPointer": false
    }
  ]
}
