{
  "Header": {
    "StorageTitle": "Information storage",
    "ProofContainerTitle": "",
    "GSHeightExpand": false,
    "VSHeightExpand": false,
    "GSOverflowX": "hidden",
    "VSOverflowX": "hidden",
    "PlaybackSpeed": 1,
    "ScrollToPointer": true,
    "Segments": [
      {
        "NO": 1,
        "Name": "GET Stellar Transaction"
      },
      {
        "NO": 2,
        "Name": "Decode Current TXNHash"
      },
      {
        "NO": 3,
        "Name": "GET Current Transaction"
      },
      {
        "NO": 4,
        "Name": "Decode Identifier"
      },
      {
        "NO": 5,
        "Name": "Decode Product ID"
      },
      {
        "NO": 6,
        "Name": "Decode Backlink TXNHash"
      },
      {
        "NO": 7,
        "Name": "Decode Transaction Type"
      },
      {
        "NO": 8,
        "Name": "Summary"
      }
    ]
  },
  "Steps": [
    {
      "StepHeader": {
        "StepNo": 1,
        "SegmentNo": 1,
        "FrameID": 1,
        "FrameTitle": ""
      },
      "Action": {
        "ActionTitle": "Retrieve Current Transaction",
        "ActionDescription": "",
        "ActionType": "MultiStepAction",
        "ActionParameters": {
          "ExternalURL": "",
          "InnerHTML": "",
          "Query": "",
          "QueryIndex": "",
          "YOffset": "",
          "XOffset": "",
          "ElAttributeName": "",
          "ElAttributeValue": "",
          "ElAttributeValueReplace": "",
          "ElProperty": "",
          "ElPropertyValue": "",
          "ElFunction": "",
          "ElFunctionArguments": "",
          "SelectiveText": "",
          "CaseSensitivity": "",
          "SelectiveTextIndex": "",
          "CSS": "",
          "FormatType": "",
          "StorageData": [],
          "ActionConfigurationID": "StellarOperationViewer",
          "SubActionArguments": {
            "StepNo": 1,
            "SegmentNo": 1,
            "FrameID": 1,
            "FrameTitle": "Step 1 - Retrieve Current Transaction",
            "TXNHash": "${TXNhash}",
            "OperationName": "current transaction",
            "ResponseVariable": "MainTXNDataString",
            "JSONResultVariable": "MainTXNData"
          }
        },
        "ActionResultVariable": "",
        "MetaData": []
      },
      "Customizations": {
        "PointerData": "",
        "ScrollToPointer": false,
        "FrameAutoScroll": true,
        "FrameScrollBars": "",
        "ToastMessage": "",
        "ToastPosition": null,
        "ActionDuration": 10
      }
    },
    {
      "StepHeader": {
        "StepNo": 2,
        "SegmentNo": 2,
        "FrameID": 1,
        "FrameTitle": ""
      },
      "Action": {
        "ActionTitle": "Extract CurrentTXN Hash",
        "ActionDescription": "Select the CurrentTXN Hash (base64 encoded) from the transaction details.",
        "ActionType": "FormatMetaData",
        "ActionParameters": {
          "ExternalURL": "",
          "InnerHTML": "",
          "Query": "body",
          "QueryIndex": 0,
          "YOffset": "",
          "XOffset": "",
          "ElAttributeName": "",
          "ElAttributeValue": "",
          "ElAttributeValueReplace": "",
          "ElProperty": "",
          "ElPropertyValue": "",
          "ElFunction": "",
          "ElFunctionArguments": "",
          "SelectiveText": "",
          "CaseSensitivity": "",
          "SelectiveTextIndex": "",
          "CSS": "",
          "FormatType": "jsonValueObjectPicker",
          "StorageData": []
        },
        "ActionResultVariable": "MainTXNCurentTXNHash",
        "MetaData": ["MainTXNData", "CurrentTXN", false, "value"]
      },
      "Customizations": {
        "PointerData": "",
        "ScrollToPointer": false,
        "FrameAutoScroll": true,
        "FrameScrollBars": "",
        "ToastMessage": "",
        "ToastPosition": null,
        "ActionDuration": 2
      }
    },
    {
      "StepHeader": {
        "StepNo": 3,
        "SegmentNo": 2,
        "FrameID": 1,
        "FrameTitle": ""
      },
      "Action": {
        "ActionDescription": "",
        "ActionType": "MultiStepAction",
        "ActionParameters": {
          "ExternalURL": "",
          "InnerHTML": "",
          "Query": "",
          "QueryIndex": "",
          "YOffset": "",
          "XOffset": "",
          "ElAttributeName": "",
          "ElAttributeValue": "",
          "ElAttributeValueReplace": "",
          "ElProperty": "",
          "ElPropertyValue": "",
          "ElFunction": "",
          "ElFunctionArguments": "",
          "SelectiveText": "",
          "CaseSensitivity": "",
          "SelectiveTextIndex": "",
          "CSS": "",
          "FormatType": "",
          "StorageData": [],
          "ActionConfigurationID": "KeyValueHighlighter",
          "SubActionArguments": {
            "StepNo": 5,
            "SegmentNo": 2,
            "FrameID": 1,
            "FrameTitle": "",
            "OperationKey": "CurrentTXN",
            "OperationValue": "MainTXNCurentTXNHash",
            "OperationKeyName": "encoded CurrentTXN Hash from the transaction details",
            "OperationValueName": "encoded CurrentTXN Hash from the transaction details"
          }
        },
        "ActionResultVariable": "",
        "MetaData": []
      },
      "Customizations": {
        "PointerData": "",
        "ScrollToPointer": false,
        "FrameAutoScroll": true,
        "FrameScrollBars": "",
        "ToastMessage": "",
        "ToastPosition": null,
        "ActionDuration": 10
      }
    },
    {
      "StepHeader": {
        "StepNo": 4,
        "SegmentNo": 2,
        "FrameID": 1,
        "FrameTitle": ""
      },
      "Action": {
        "ActionTitle": "Save Base64Encoded CurrentTXN",
        "ActionDescription": "Save the base64 encoded CurrentTXN Hash value for future usage.",
        "ActionType": "InformationStorage",
        "ActionParameters": {
          "ExternalURL": "",
          "InnerHTML": "",
          "Query": "body",
          "QueryIndex": 0,
          "YOffset": "",
          "XOffset": "",
          "ElAttributeName": "",
          "ElAttributeValue": "",
          "ElAttributeValueReplace": "",
          "ElProperty": "",
          "ElPropertyValue": "",
          "ElFunction": "",
          "ElFunctionArguments": "",
          "SelectiveText": "",
          "CaseSensitivity": true,
          "SelectiveTextIndex": 0,
          "CSS": "",
          "FormatType": "",
          "StorageData": [
            {
              "Key": "TXN2 CurrentTXN (base64)",
              "Value": "${MainTXNCurentTXNHash}"
            }
          ]
        },
        "ActionResultVariable": "",
        "MetaData": []
      },
      "Customizations": {
        "PointerData": "",
        "ScrollToPointer": false,
        "FrameAutoScroll": true,
        "FrameScrollBars": "",
        "ToastMessage": "",
        "ToastPosition": null,
        "ActionDuration": 30
      }
    },
    {
      "StepHeader": {
        "StepNo": 5,
        "SegmentNo": 2,
        "FrameID": 2,
        "FrameTitle": ""
      },
      "Action": {
        "ActionDescription": "",
        "ActionType": "MultiStepAction",
        "ActionParameters": {
          "ExternalURL": "",
          "InnerHTML": "",
          "Query": "",
          "QueryIndex": "",
          "YOffset": "",
          "XOffset": "",
          "ElAttributeName": "",
          "ElAttributeValue": "",
          "ElAttributeValueReplace": "",
          "ElProperty": "",
          "ElPropertyValue": "",
          "ElFunction": "",
          "ElFunctionArguments": "",
          "SelectiveText": "",
          "CaseSensitivity": "",
          "SelectiveTextIndex": "",
          "CSS": "",
          "FormatType": "",
          "StorageData": [],
          "ActionConfigurationID": "OnlineToolsDecoder",
          "SubActionArguments": {
            "StepNo": 5,
            "SegmentNo": 2,
            "FrameID": 2,
            "FrameTitle": "Step 2 - Decode CurrentTXN",
            "DecodeKeyName": "CurrentTXN Hash",
            "EncodedInputValue": "${MainTXNCurentTXNHash}",
            "DecodedResultVariable": "var_currenttxn",
            "InformationStorageKey": "TXN2 CurrentTXN"
          }
        },
        "ActionResultVariable": "",
        "MetaData": []
      },
      "Customizations": {
        "PointerData": "",
        "ScrollToPointer": false,
        "FrameAutoScroll": true,
        "FrameScrollBars": "",
        "ToastMessage": "",
        "ToastPosition": null,
        "ActionDuration": 10
      }
    },
    {
      "StepHeader": {
        "StepNo": 6,
        "SegmentNo": 3,
        "FrameID": 3,
        "FrameTitle": ""
      },
      "Action": {
        "ActionDescription": "",
        "ActionType": "MultiStepAction",
        "ActionParameters": {
          "ExternalURL": "",
          "InnerHTML": "",
          "Query": "",
          "QueryIndex": "",
          "YOffset": "",
          "XOffset": "",
          "ElAttributeName": "",
          "ElAttributeValue": "",
          "ElAttributeValueReplace": "",
          "ElProperty": "",
          "ElPropertyValue": "",
          "ElFunction": "",
          "ElFunctionArguments": "",
          "SelectiveText": "",
          "CaseSensitivity": "",
          "SelectiveTextIndex": "",
          "CSS": "",
          "FormatType": "",
          "StorageData": [],
          "ActionConfigurationID": "StellarOperationViewer",
          "SubActionArguments": {
            "StepNo": 6,
            "SegmentNo": 3,
            "FrameID": 3,
            "FrameTitle": "Step 3 - Retrieve Current Transaction",
            "TXNHash": "${var_currenttxn}",
            "OperationName": "current transaction of the gateway transaction",
            "ResponseVariable": "MainTXNCurentTXNDataString",
            "JSONResultVariable": "MainTXNCurentTXNData"
          }
        },
        "ActionResultVariable": "",
        "MetaData": []
      },
      "Customizations": {
        "PointerData": "",
        "ScrollToPointer": false,
        "FrameAutoScroll": true,
        "FrameScrollBars": "",
        "ToastMessage": "",
        "ToastPosition": null,
        "ActionDuration": 10
      }
    },
    {
      "StepHeader": {
        "StepNo": 7,
        "SegmentNo": 4,
        "FrameID": 3,
        "FrameTitle": ""
      },
      "Action": {
        "ActionTitle": "Select Base64Encoded Identifier",
        "ActionDescription": "Select the encoded Identifier from the transaction details.",
        "ActionType": "FormatMetaData",
        "ActionParameters": {
          "ExternalURL": "",
          "InnerHTML": "",
          "Query": "",
          "QueryIndex": 0,
          "YOffset": "",
          "XOffset": "",
          "ElAttributeName": "",
          "ElAttributeValue": "",
          "ElAttributeValueReplace": "",
          "ElProperty": "",
          "ElPropertyValue": "",
          "ElFunction": "",
          "ElFunctionArguments": "",
          "SelectiveText": "",
          "CaseSensitivity": "",
          "SelectiveTextIndex": "",
          "CSS": "",
          "FormatType": "jsonValueObjectPicker",
          "StorageData": []
        },
        "ActionResultVariable": "MainTXNCurentTXNDataIdentifier",
        "MetaData": ["MainTXNCurentTXNData", "identifier", false, "value"]
      },
      "Customizations": {
        "PointerData": "",
        "ScrollToPointer": false,
        "FrameAutoScroll": true,
        "FrameScrollBars": "",
        "ToastMessage": "",
        "ToastPosition": null,
        "ActionDuration": 30
      }
    },
    {
      "StepHeader": {
        "StepNo": 8,
        "SegmentNo": 4,
        "FrameID": 3,
        "FrameTitle": ""
      },
      "Action": {
        "ActionDescription": "",
        "ActionType": "MultiStepAction",
        "ActionParameters": {
          "ExternalURL": "",
          "InnerHTML": "",
          "Query": "",
          "QueryIndex": "",
          "YOffset": "",
          "XOffset": "",
          "ElAttributeName": "",
          "ElAttributeValue": "",
          "ElAttributeValueReplace": "",
          "ElProperty": "",
          "ElPropertyValue": "",
          "ElFunction": "",
          "ElFunctionArguments": "",
          "SelectiveText": "",
          "CaseSensitivity": "",
          "SelectiveTextIndex": "",
          "CSS": "",
          "FormatType": "",
          "StorageData": [],
          "ActionConfigurationID": "KeyValueHighlighter",
          "SubActionArguments": {
            "StepNo": 8,
            "SegmentNo": 4,
            "FrameID": 3,
            "FrameTitle": "",
            "OperationKey": "identifier",
            "OperationValue": "MainTXNCurentTXNDataIdentifier",
            "OperationKeyName": "encoded Identifier from the transaction details",
            "OperationValueName": "encoded Identifier value from the transaction details"
          }
        },
        "ActionResultVariable": "",
        "MetaData": []
      },
      "Customizations": {
        "PointerData": "",
        "ScrollToPointer": false,
        "FrameAutoScroll": true,
        "FrameScrollBars": "",
        "ToastMessage": "",
        "ToastPosition": null,
        "ActionDuration": 10
      }
    },
    {
      "StepHeader": {
        "StepNo": 9,
        "SegmentNo": 4,
        "FrameID": 3,
        "FrameTitle": ""
      },
      "Action": {
        "ActionTitle": "Save Base64Encoded Identifier",
        "ActionDescription": "Save the base64 encoded Identifier value for future usage.",
        "ActionType": "InformationStorage",
        "ActionParameters": {
          "ExternalURL": "",
          "InnerHTML": "",
          "Query": "",
          "QueryIndex": 0,
          "YOffset": "",
          "XOffset": "",
          "ElAttributeName": "",
          "ElAttributeValue": "",
          "ElAttributeValueReplace": "",
          "ElProperty": "",
          "ElPropertyValue": "",
          "ElFunction": "",
          "ElFunctionArguments": "",
          "SelectiveText": "",
          "CaseSensitivity": true,
          "SelectiveTextIndex": 0,
          "CSS": "",
          "FormatType": "",
          "StorageData": [
            {
              "Key": "Identifier (base64)",
              "Value": "${MainTXNCurentTXNDataIdentifier}"
            }
          ]
        },
        "ActionResultVariable": "",
        "MetaData": []
      },
      "Customizations": {
        "PointerData": "",
        "ScrollToPointer": false,
        "FrameAutoScroll": true,
        "FrameScrollBars": "",
        "ToastMessage": "",
        "ToastPosition": null,
        "ActionDuration": 30
      }
    },
    {
      "StepHeader": {
        "StepNo": 10,
        "SegmentNo": 4,
        "FrameID": 4,
        "FrameTitle": ""
      },
      "Action": {
        "ActionDescription": "",
        "ActionType": "MultiStepAction",
        "ActionParameters": {
          "ExternalURL": "",
          "InnerHTML": "",
          "Query": "",
          "QueryIndex": "",
          "YOffset": "",
          "XOffset": "",
          "ElAttributeName": "",
          "ElAttributeValue": "",
          "ElAttributeValueReplace": "",
          "ElProperty": "",
          "ElPropertyValue": "",
          "ElFunction": "",
          "ElFunctionArguments": "",
          "SelectiveText": "",
          "CaseSensitivity": "",
          "SelectiveTextIndex": "",
          "CSS": "",
          "FormatType": "",
          "StorageData": [],
          "ActionConfigurationID": "OnlineToolsDecoder",
          "SubActionArguments": {
            "StepNo": 10,
            "SegmentNo": 4,
            "FrameID": 4,
            "FrameTitle": "Step 4 - Decode MainTXN Identifier",
            "DecodeKeyName": "MainTXN Identifier",
            "EncodedInputValue": "${MainTXNCurentTXNDataIdentifier}",
            "DecodedResultVariable": "MainTXNCurentTXNDataIdentifierDecoded",
            "InformationStorageKey": "Identifier"
          }
        },
        "ActionResultVariable": "",
        "MetaData": []
      },
      "Customizations": {
        "PointerData": "",
        "ScrollToPointer": false,
        "FrameAutoScroll": true,
        "FrameScrollBars": "",
        "ToastMessage": "",
        "ToastPosition": null,
        "ActionDuration": 10
      }
    },

    {
      "StepHeader": {
        "StepNo": 11,
        "SegmentNo": 5,
        "FrameID": 3,
        "FrameTitle": ""
      },
      "Action": {
        "ActionTitle": "Select Base64Encoded ProductID",
        "ActionDescription": "Select the encoded Product ID from the transaction details.",
        "ActionType": "FormatMetaData",
        "ActionParameters": {
          "ExternalURL": "",
          "InnerHTML": "",
          "Query": "",
          "QueryIndex": 0,
          "YOffset": "",
          "XOffset": "",
          "ElAttributeName": "",
          "ElAttributeValue": "",
          "ElAttributeValueReplace": "",
          "ElProperty": "",
          "ElPropertyValue": "",
          "ElFunction": "",
          "ElFunctionArguments": "",
          "SelectiveText": "",
          "CaseSensitivity": "",
          "SelectiveTextIndex": "",
          "CSS": "",
          "FormatType": "jsonValueObjectPicker",
          "StorageData": []
        },
        "ActionResultVariable": "MainTXNCurentTXNDataProductId",
        "MetaData": ["MainTXNCurentTXNData", "productId", false, "value"]
      },
      "Customizations": {
        "PointerData": "",
        "ScrollToPointer": false,
        "FrameAutoScroll": true,
        "FrameScrollBars": "",
        "ToastMessage": "",
        "ToastPosition": null,
        "ActionDuration": 30
      }
    },
    {
      "StepHeader": {
        "StepNo": 12,
        "SegmentNo": 5,
        "FrameID": 3,
        "FrameTitle": ""
      },
      "Action": {
        "ActionDescription": "",
        "ActionType": "MultiStepAction",
        "ActionParameters": {
          "ExternalURL": "",
          "InnerHTML": "",
          "Query": "",
          "QueryIndex": "",
          "YOffset": "",
          "XOffset": "",
          "ElAttributeName": "",
          "ElAttributeValue": "",
          "ElAttributeValueReplace": "",
          "ElProperty": "",
          "ElPropertyValue": "",
          "ElFunction": "",
          "ElFunctionArguments": "",
          "SelectiveText": "",
          "CaseSensitivity": "",
          "SelectiveTextIndex": "",
          "CSS": "",
          "FormatType": "",
          "StorageData": [],
          "ActionConfigurationID": "KeyValueHighlighter",
          "SubActionArguments": {
            "StepNo": 12,
            "SegmentNo": 5,
            "FrameID": 3,
            "FrameTitle": "",
            "OperationKey": "productId",
            "OperationValue": "MainTXNCurentTXNDataProductId",
            "OperationKeyName": "encoded ProductID from the transaction details",
            "OperationValueName": "encoded ProductID value from the transaction details"
          }
        },
        "ActionResultVariable": "",
        "MetaData": []
      },
      "Customizations": {
        "PointerData": "",
        "ScrollToPointer": false,
        "FrameAutoScroll": true,
        "FrameScrollBars": "",
        "ToastMessage": "",
        "ToastPosition": null,
        "ActionDuration": 10
      }
    },
    {
      "StepHeader": {
        "StepNo": 13,
        "SegmentNo": 5,
        "FrameID": 3,
        "FrameTitle": ""
      },
      "Action": {
        "ActionTitle": "Save Base64Encoded ProductID",
        "ActionDescription": "Save the base64 encoded ProductID value for future usage.",
        "ActionType": "InformationStorage",
        "ActionParameters": {
          "ExternalURL": "",
          "InnerHTML": "",
          "Query": "",
          "QueryIndex": 0,
          "YOffset": "",
          "XOffset": "",
          "ElAttributeName": "",
          "ElAttributeValue": "",
          "ElAttributeValueReplace": "",
          "ElProperty": "",
          "ElPropertyValue": "",
          "ElFunction": "",
          "ElFunctionArguments": "",
          "SelectiveText": "",
          "CaseSensitivity": true,
          "SelectiveTextIndex": 0,
          "CSS": "",
          "FormatType": "",
          "StorageData": [
            {
              "Key": "Product ID (base64)",
              "Value": "${MainTXNCurentTXNDataProductId}"
            }
          ]
        },
        "ActionResultVariable": "",
        "MetaData": []
      },
      "Customizations": {
        "PointerData": "",
        "ScrollToPointer": false,
        "FrameAutoScroll": true,
        "FrameScrollBars": "",
        "ToastMessage": "",
        "ToastPosition": null,
        "ActionDuration": 30
      }
    },
    {
      "StepHeader": {
        "StepNo": 14,
        "SegmentNo": 5,
        "FrameID": 3,
        "FrameTitle": ""
      },
      "Action": {
        "ActionDescription": "",
        "ActionType": "MultiStepAction",
        "ActionParameters": {
          "ExternalURL": "",
          "InnerHTML": "",
          "Query": "",
          "QueryIndex": "",
          "YOffset": "",
          "XOffset": "",
          "ElAttributeName": "",
          "ElAttributeValue": "",
          "ElAttributeValueReplace": "",
          "ElProperty": "",
          "ElPropertyValue": "",
          "ElFunction": "",
          "ElFunctionArguments": "",
          "SelectiveText": "",
          "CaseSensitivity": "",
          "SelectiveTextIndex": "",
          "CSS": "",
          "FormatType": "",
          "StorageData": [],
          "ActionConfigurationID": "OnlineToolsDecoder",
          "SubActionArguments": {
            "StepNo": 14,
            "SegmentNo": 5,
            "FrameID": 3,
            "FrameTitle": "Step 5 - Decode MainTXN ProductID",
            "DecodeKeyName": "MainTXN ProductID",
            "EncodedInputValue": "${MainTXNCurentTXNDataProductId}",
            "DecodedResultVariable": "MainTXNCurentTXNDataProductIdDecoded",
            "InformationStorageKey": "ProductID"
          }
        },
        "ActionResultVariable": "",
        "MetaData": []
      },
      "Customizations": {
        "PointerData": "",
        "ScrollToPointer": false,
        "FrameAutoScroll": true,
        "FrameScrollBars": "",
        "ToastMessage": "",
        "ToastPosition": null,
        "ActionDuration": 10
      }
    },

    {
      "StepHeader": {
        "StepNo": 15,
        "SegmentNo": 6,
        "FrameID": 1,
        "FrameTitle": ""
      },
      "Action": {
        "ActionTitle": "Select Base64Encoded PreviousTXN",
        "ActionDescription": "Select the encoded PreviousTXN Hash value from the transaction details.",
        "ActionType": "FormatMetaData",
        "ActionParameters": {
          "ExternalURL": "",
          "InnerHTML": "",
          "Query": "",
          "QueryIndex": 0,
          "YOffset": "",
          "XOffset": "",
          "ElAttributeName": "",
          "ElAttributeValue": "",
          "ElAttributeValueReplace": "",
          "ElProperty": "",
          "ElPropertyValue": "",
          "ElFunction": "",
          "ElFunctionArguments": "",
          "SelectiveText": "",
          "CaseSensitivity": "",
          "SelectiveTextIndex": "",
          "CSS": "",
          "FormatType": "jsonValueObjectPicker",
          "StorageData": []
        },
        "ActionResultVariable": "MainTXNPreviousTXN",
        "MetaData": ["MainTXNData", "PreviousTXN", false, "value"]
      },
      "Customizations": {
        "PointerData": "",
        "ScrollToPointer": false,
        "FrameAutoScroll": true,
        "FrameScrollBars": "",
        "ToastMessage": "",
        "ToastPosition": null,
        "ActionDuration": 30
      }
    },
    {
      "StepHeader": {
        "StepNo": 16,
        "SegmentNo": 6,
        "FrameID": 1,
        "FrameTitle": ""
      },
      "Action": {
        "ActionDescription": "",
        "ActionType": "MultiStepAction",
        "ActionParameters": {
          "ExternalURL": "",
          "InnerHTML": "",
          "Query": "",
          "QueryIndex": "",
          "YOffset": "",
          "XOffset": "",
          "ElAttributeName": "",
          "ElAttributeValue": "",
          "ElAttributeValueReplace": "",
          "ElProperty": "",
          "ElPropertyValue": "",
          "ElFunction": "",
          "ElFunctionArguments": "",
          "SelectiveText": "",
          "CaseSensitivity": "",
          "SelectiveTextIndex": "",
          "CSS": "",
          "FormatType": "",
          "StorageData": [],
          "ActionConfigurationID": "KeyValueHighlighter",
          "SubActionArguments": {
            "StepNo": 16,
            "SegmentNo": 6,
            "FrameID": 1,
            "FrameTitle": "",
            "OperationKey": "PreviousTXN",
            "OperationValue": "MainTXNPreviousTXN",
            "OperationKeyName": "encoded PreviousTXN Hash from the transaction details.",
            "OperationValueName": "encoded PreviousTXN Hash value from the transaction details."
          }
        },
        "ActionResultVariable": "",
        "MetaData": []
      },
      "Customizations": {
        "PointerData": "",
        "ScrollToPointer": false,
        "FrameAutoScroll": true,
        "FrameScrollBars": "",
        "ToastMessage": "",
        "ToastPosition": null,
        "ActionDuration": 10
      }
    },
    {
      "StepHeader": {
        "StepNo": 17,
        "SegmentNo": 6,
        "FrameID": 1,
        "FrameTitle": ""
      },
      "Action": {
        "ActionTitle": "Save Base64Encoded PreviousTXN",
        "ActionDescription": "Save the base64 encoded Previous TXN Hash value for future usage.",
        "ActionType": "InformationStorage",
        "ActionParameters": {
          "ExternalURL": "",
          "InnerHTML": "",
          "Query": "",
          "QueryIndex": 0,
          "YOffset": "",
          "XOffset": "",
          "ElAttributeName": "",
          "ElAttributeValue": "",
          "ElAttributeValueReplace": "",
          "ElProperty": "",
          "ElPropertyValue": "",
          "ElFunction": "",
          "ElFunctionArguments": "",
          "SelectiveText": "",
          "CaseSensitivity": true,
          "SelectiveTextIndex": 0,
          "CSS": "",
          "FormatType": "",
          "StorageData": [
            {
              "Key": "PreviousTXN Hash (base64)",
              "Value": "${MainTXNPreviousTXN}"
            }
          ]
        },
        "ActionResultVariable": "",
        "MetaData": []
      },
      "Customizations": {
        "PointerData": "",
        "ScrollToPointer": false,
        "FrameAutoScroll": true,
        "FrameScrollBars": "",
        "ToastMessage": "",
        "ToastPosition": null,
        "ActionDuration": 30
      }
    },

    {
      "StepHeader": {
        "StepNo": 18,
        "SegmentNo": 7,
        "FrameID": 1,
        "FrameTitle": ""
      },
      "Action": {
        "ActionTitle": "Select Base64Encoded Transaction Type",
        "ActionDescription": "Select the encoded Transaction Type value from the transaction details.",
        "ActionType": "FormatMetaData",
        "ActionParameters": {
          "ExternalURL": "",
          "InnerHTML": "",
          "Query": "",
          "QueryIndex": 0,
          "YOffset": "",
          "XOffset": "",
          "ElAttributeName": "",
          "ElAttributeValue": "",
          "ElAttributeValueReplace": "",
          "ElProperty": "",
          "ElPropertyValue": "",
          "ElFunction": "",
          "ElFunctionArguments": "",
          "SelectiveText": "",
          "CaseSensitivity": "",
          "SelectiveTextIndex": "",
          "CSS": "",
          "FormatType": "jsonValueObjectPicker",
          "StorageData": []
        },
        "ActionResultVariable": "MainTXNTXType",
        "MetaData": ["MainTXNData", "Type", false, "value"]
      },
      "Customizations": {
        "PointerData": "",
        "ScrollToPointer": false,
        "FrameAutoScroll": true,
        "FrameScrollBars": "",
        "ToastMessage": "",
        "ToastPosition": null,
        "ActionDuration": 30
      }
    },
    {
      "StepHeader": {
        "StepNo": 19,
        "SegmentNo": 7,
        "FrameID": 1,
        "FrameTitle": ""
      },
      "Action": {
        "ActionDescription": "",
        "ActionType": "MultiStepAction",
        "ActionParameters": {
          "ExternalURL": "",
          "InnerHTML": "",
          "Query": "",
          "QueryIndex": "",
          "YOffset": "",
          "XOffset": "",
          "ElAttributeName": "",
          "ElAttributeValue": "",
          "ElAttributeValueReplace": "",
          "ElProperty": "",
          "ElPropertyValue": "",
          "ElFunction": "",
          "ElFunctionArguments": "",
          "SelectiveText": "",
          "CaseSensitivity": "",
          "SelectiveTextIndex": "",
          "CSS": "",
          "FormatType": "",
          "StorageData": [],
          "ActionConfigurationID": "KeyValueHighlighter",
          "SubActionArguments": {
            "StepNo": 19,
            "SegmentNo": 7,
            "FrameID": 1,
            "FrameTitle": "",
            "OperationKey": "Type",
            "OperationValue": "MainTXNTXType",
            "OperationKeyName": "encoded Transaction Type from the transaction details.",
            "OperationValueName": "encoded Transaction Type value from the transaction details."
          }
        },
        "ActionResultVariable": "",
        "MetaData": []
      },
      "Customizations": {
        "PointerData": "",
        "ScrollToPointer": false,
        "FrameAutoScroll": true,
        "FrameScrollBars": "",
        "ToastMessage": "",
        "ToastPosition": null,
        "ActionDuration": 10
      }
    },
    {
      "StepHeader": {
        "StepNo": 20,
        "SegmentNo": 7,
        "FrameID": 1,
        "FrameTitle": ""
      },
      "Action": {
        "ActionTitle": "Save Base64Encoded PreviousTXN",
        "ActionDescription": "Save the base64 encoded Previous TXN Hash value for future usage.",
        "ActionType": "InformationStorage",
        "ActionParameters": {
          "ExternalURL": "",
          "InnerHTML": "",
          "Query": "",
          "QueryIndex": 0,
          "YOffset": "",
          "XOffset": "",
          "ElAttributeName": "",
          "ElAttributeValue": "",
          "ElAttributeValueReplace": "",
          "ElProperty": "",
          "ElPropertyValue": "",
          "ElFunction": "",
          "ElFunctionArguments": "",
          "SelectiveText": "",
          "CaseSensitivity": true,
          "SelectiveTextIndex": 0,
          "CSS": "",
          "FormatType": "",
          "StorageData": [
            {
              "Key": "Transaction Type (base64)",
              "Value": "${MainTXNTXType}"
            }
          ]
        },
        "ActionResultVariable": "",
        "MetaData": []
      },
      "Customizations": {
        "PointerData": "",
        "ScrollToPointer": false,
        "FrameAutoScroll": true,
        "FrameScrollBars": "",
        "ToastMessage": "",
        "ToastPosition": null,
        "ActionDuration": 30
      }
    },

    {
      "StepHeader": {
        "StepNo": 21,
        "SegmentNo": 7,
        "FrameID": 4,
        "FrameTitle": ""
      },
      "Action": {
        "ActionDescription": "",
        "ActionType": "MultiStepAction",
        "ActionParameters": {
          "ExternalURL": "",
          "InnerHTML": "",
          "Query": "",
          "QueryIndex": "",
          "YOffset": "",
          "XOffset": "",
          "ElAttributeName": "",
          "ElAttributeValue": "",
          "ElAttributeValueReplace": "",
          "ElProperty": "",
          "ElPropertyValue": "",
          "ElFunction": "",
          "ElFunctionArguments": "",
          "SelectiveText": "",
          "CaseSensitivity": "",
          "SelectiveTextIndex": "",
          "CSS": "",
          "FormatType": "",
          "StorageData": [],
          "ActionConfigurationID": "OnlineToolsDecoder",
          "SubActionArguments": {
            "StepNo": 21,
            "SegmentNo": 7,
            "FrameID": 4,
            "FrameTitle": "Step 04 - Decode Transaction Type",
            "DecodeKeyName": "Transaction Type",
            "EncodedInputValue": "${MainTXNTXType}",
            "DecodedResultVariable": "MainTXNTXTypeDecoded",
            "InformationStorageKey": "Transaction Type"
          }
        },
        "ActionResultVariable": "",
        "MetaData": []
      },
      "Customizations": {
        "PointerData": "",
        "ScrollToPointer": false,
        "FrameAutoScroll": true,
        "FrameScrollBars": "",
        "ToastMessage": "",
        "ToastPosition": null,
        "ActionDuration": 10
      }
    },

    {
      "StepHeader": {
        "StepNo": 22,
        "SegmentNo": 8,
        "FrameID": 5,
        "FrameTitle": "Step 05 - Verification Summary"
      },
      "Action": {
        "ActionTitle": "Verification Summary",
        "ActionDescription": [
          {
            "en": "Verification Summary"
          }
        ],
        "ActionType": "BrowserScreen",
        "ActionParameters": {
          "ExternalURL": "",
          "InnerHTML": "<?xml version=\"1.0\"?>\r\n<!DOCTYPE html>\r\n<html><head><link href=\"https://www.online-html-editor.org/assets/minimalist-blocks/content.css\" rel=\"stylesheet\" type=\"text/css\"/></head><body style=\"height: 100vh; display: flex; justify-content: center; align-items: center;\"><div class=\"container\"><div class=\"row clearfix\"><div class=\"column full\"><h2 class=\"size-18\" style=\"font-weight: 800; text-align: center; letter-spacing: 8px; text-transform: uppercase;\">\r\n Verification summary\r\n </h2></div><div class=\"is-tool is-row-tool\"><div class=\"row-handle\" data-title=\"Move\" style=\"width:100%;cursor:move;text-align:center;\" title=\"Move\"><br/></div></div><div class=\"is-rowadd-tool\" style=\"height:0;\"><br/></div></div><div class=\"row clearfix\"><div class=\"column full\"><p class=\"size-12\" style=\"text-align: center; letter-spacing: 3px; color: rgb(94, 94, 94); text-transform: uppercase;\"><b style=\"color: rgb(71, 88, 204); background-color: rgb(240, 249, 254);\">PROOF OF THE GENESIS</b></p></div><div class=\"is-tool is-row-tool\"><div class=\"row-handle\" data-title=\"Move\" style=\"width:100%;cursor:move;text-align:center;\" title=\"Move\"><br/></div></div><div class=\"is-rowadd-tool\" style=\"height:0;\"><br/></div></div><div class=\"row clearfix\"><div class=\"column half\"><p style=\"text-align: justify;\"><strong><span class=\"size-14\">Transaction Type</span></strong></p><p class=\"size-14\" style=\"text-align: justify; overflow-wrap: break-word;\">\r\n ${MainTXNTXTypeDecoded}\r\n </p></div><div class=\"column half\"><p class=\"size-14\" style=\"text-align: justify; \"><strong>Previous Transaction Hash</strong></p><p class=\"size-14\" style=\"text-align: justify; overflow-wrap: break-word;\">\r\n None - Genesis\r\n </p></div><div class=\"is-tool is-row-tool\"><div class=\"row-handle\" data-title=\"Move\" style=\"width:100%;cursor:move;text-align:center;\" title=\"Move\"><br/></div></div><div class=\"is-rowadd-tool\" style=\"height:0;\"><br/></div></div><div class=\"row clearfix\"><pre class=\"size-14\" style=\"background-color: rgb(46, 125, 50); color: rgb(245, 243, 252); font-weight: bold; text-align: center; border-radius: 8px; margin: 0; padding: 8px;\">\r\nVerification Completed</pre><div class=\"is-rowadd-tool\" style=\"height:0\"><br/></div></div></div></body></html>",
          "PageURL": "about: Verification Summary - PROOF OF THE GENESIS",
          "Query": "",
          "QueryIndex": "",
          "YOffset": "",
          "XOffset": "",
          "ElAttributeName": "",
          "ElAttributeValue": "",
          "ElAttributeValueReplace": "",
          "ElProperty": "",
          "ElPropertyValue": "",
          "ElFunction": "",
          "ElFunctionArguments": "",
          "SelectiveText": "",
          "CaseSensitivity": "",
          "SelectiveTextIndex": "",
          "CSS": "",
          "FormatType": "",
          "StorageData": []
        },
        "ActionResultVariable": "",
        "MetaData": []
      },
      "Customizations": {
        "PointerData": "",
        "ScrollToPointer": false,
        "FrameAutoScroll": true,
        "FrameScrollBars": "",
        "ToastMessage": "",
        "ToastPosition": [],
        "ActionDuration": 10
      }
    }
  ]
}
